,חוגים,האם נמצא במערכת יחסים,"שעות פנוי 
1-5 סובייקטיבי","האם יוצא עם חברים?
1-5 ","צריכת אלכוהל ביום חול
1-5","צריכת אלכוהל בסופש
1-5",מין,גיל,האם היה בגן רגיל,האם יש גישה לאינטרנט בבית,"מצב בריאותי
1-5","
1- פחות מ15 דק
2-15-30 דק
3- 30-60 דק'
4-מעל 60 דק","שעות למידה בשבוע - 
1 - פחות מ2
2- 2-5 
3 - 5-10 
4 - 10+",מספר הקורסים שנכשל הסטודנט,תמיכה חיצונית ללימודים,האם המשפחה עוזרת בלימודים,האם לוקח שיעורי העשרה בתשלום,מעוניין בלימודים אקדמיים,"היעדרויות
",ציון מחצית 1,ציון מחצית 2,"ציון סופי
0-20"
id,activities,romantic,freetime,goout,Dalc,Walc,sex,age,nursery,internet,health,traveltime,studytime,failures,schoolsup,famsup,paid,higher,absences,G1,G2,G3
1,no,no,3,4,1,1,F,18,yes,no,3,2,2,0,yes,no,no,yes,6,5,6,6
2,no,no,3,3,1,1,F,17,no,yes,3,1,2,0,no,yes,no,yes,4,5,5,6
3,no,no,3,2,2,3,F,15,yes,yes,3,1,2,3,yes,no,yes,yes,10,7,8,10
4,yes,yes,2,2,1,1,F,15,yes,yes,5,1,3,0,no,yes,yes,yes,2,15,14,15
5,no,no,3,2,1,2,F,16,yes,no,5,1,2,0,no,yes,yes,yes,4,6,10,10
6,yes,no,4,2,1,2,M,16,yes,yes,5,1,2,0,no,yes,yes,yes,10,15,15,15
7,no,no,4,4,1,1,M,16,yes,yes,3,1,2,0,no,no,no,yes,0,12,12,11
8,no,no,1,4,1,1,F,17,yes,no,1,2,2,0,yes,yes,no,yes,6,6,5,6
9,no,no,2,2,1,1,M,15,yes,yes,1,1,2,0,no,yes,yes,yes,0,16,18,19
10,yes,no,5,1,1,1,M,15,yes,yes,5,1,2,0,no,yes,yes,yes,0,14,15,15
11,no,no,3,3,1,2,F,15,yes,yes,2,1,2,0,no,yes,yes,yes,0,10,8,9
12,yes,no,2,2,1,1,F,15,yes,yes,4,3,3,0,no,yes,no,yes,4,10,12,12
13,yes,no,3,3,1,3,M,15,yes,yes,5,1,1,0,no,yes,yes,yes,2,14,14,14
14,no,no,4,3,1,2,M,15,yes,yes,3,2,2,0,no,yes,yes,yes,2,10,10,11
15,no,yes,5,2,1,1,M,15,yes,yes,3,1,3,0,no,yes,no,yes,0,14,16,16
16,no,no,4,4,1,2,F,16,yes,yes,2,1,1,0,no,yes,no,yes,4,14,14,14
17,yes,no,2,3,1,2,F,16,yes,yes,2,1,3,0,no,yes,yes,yes,6,13,14,14
18,yes,no,3,2,1,1,F,16,yes,no,4,3,2,0,yes,yes,no,yes,4,8,10,10
19,yes,no,5,5,2,4,M,17,yes,yes,5,1,1,3,no,yes,no,yes,16,6,5,5
20,yes,no,1,3,1,3,M,16,yes,yes,5,1,1,0,no,no,yes,yes,4,8,10,10
21,no,no,4,1,1,1,M,15,yes,yes,1,1,2,0,no,no,no,yes,0,13,14,15
22,no,no,4,2,1,1,M,15,yes,yes,5,1,1,0,no,yes,yes,yes,0,12,15,15
23,yes,no,5,1,1,3,M,16,yes,yes,5,1,2,0,no,no,no,yes,2,15,15,16
24,yes,no,4,4,2,4,M,16,yes,yes,5,2,2,0,no,yes,no,yes,0,13,13,12
25,yes,no,3,2,1,1,F,15,yes,yes,5,1,3,0,yes,yes,yes,yes,2,10,9,8
26,no,no,2,2,1,3,F,16,no,yes,5,1,1,2,no,yes,yes,yes,14,6,9,8
27,no,no,2,2,1,2,M,15,yes,yes,5,1,1,0,no,yes,yes,yes,2,12,12,11
28,no,no,2,4,2,4,M,15,yes,yes,1,1,1,0,no,no,yes,yes,4,15,16,15
29,yes,no,3,3,1,1,M,16,yes,yes,5,1,2,0,yes,yes,no,yes,4,11,11,11
30,yes,yes,4,5,5,5,M,16,yes,yes,5,1,2,0,no,yes,yes,yes,16,10,12,11
31,no,no,4,2,3,4,M,15,no,yes,5,1,2,0,no,yes,yes,yes,0,9,11,12
32,yes,no,3,1,1,1,M,15,yes,yes,5,2,2,0,no,yes,no,yes,0,17,16,17
33,yes,yes,5,2,1,1,M,15,yes,yes,5,1,2,0,no,yes,no,yes,0,17,16,16
34,yes,no,3,2,1,1,M,15,no,yes,2,1,2,0,no,no,no,yes,0,8,10,12
35,no,no,4,3,1,1,M,16,no,yes,5,1,1,0,no,yes,yes,yes,0,12,14,15
36,yes,no,5,1,1,1,F,15,yes,no,5,2,1,0,no,yes,no,yes,0,8,7,6
37,yes,no,4,3,1,1,M,15,yes,yes,4,1,3,0,no,yes,no,yes,2,15,16,18
38,yes,yes,4,3,1,1,M,16,yes,yes,5,2,3,0,no,yes,no,yes,7,15,16,15
39,yes,no,3,2,1,1,F,15,yes,yes,5,1,3,0,yes,yes,yes,yes,2,12,12,11
40,yes,no,3,1,1,1,F,15,yes,no,2,1,1,0,yes,yes,yes,yes,8,14,13,13
41,yes,yes,3,3,1,2,F,16,no,yes,3,2,2,1,no,yes,no,yes,25,7,10,11
42,no,yes,4,3,2,4,M,15,no,yes,5,1,1,0,no,yes,no,yes,8,12,12,12
43,yes,no,3,3,1,1,M,15,yes,yes,5,1,2,0,no,yes,no,yes,2,19,18,18
44,no,no,4,1,1,1,M,15,yes,yes,1,1,1,0,yes,yes,no,yes,0,8,8,11
45,yes,no,3,3,2,2,F,16,yes,yes,5,2,2,1,yes,no,no,yes,14,10,10,9
46,yes,yes,2,2,1,1,F,15,yes,yes,5,1,2,0,yes,yes,yes,yes,8,8,8,6
47,no,no,3,5,1,4,F,16,yes,yes,3,1,2,0,no,yes,no,yes,12,11,12,11
48,yes,no,2,2,1,1,M,16,yes,yes,2,1,4,0,no,no,no,yes,4,19,19,20
49,no,no,3,3,2,2,M,15,yes,no,5,1,2,0,no,yes,yes,yes,2,15,15,14
50,yes,no,4,4,1,1,F,15,no,yes,3,1,2,1,yes,yes,no,yes,2,7,7,7
51,no,no,3,3,2,3,F,16,yes,yes,4,3,2,0,no,yes,yes,yes,2,12,13,13
52,no,no,3,3,1,1,F,15,yes,yes,5,1,2,0,no,yes,yes,yes,2,11,13,13
53,no,no,5,5,3,4,M,15,yes,no,5,2,1,1,no,no,no,yes,6,11,11,10
54,no,no,3,4,2,3,F,15,yes,yes,5,1,1,0,yes,yes,yes,yes,0,8,10,11
55,no,no,3,4,4,4,F,15,yes,yes,1,1,1,0,no,no,yes,yes,6,10,13,13
56,yes,yes,3,4,1,1,F,16,yes,yes,2,1,2,0,no,no,yes,yes,8,8,9,10
57,yes,no,3,2,1,1,F,15,yes,yes,1,1,2,0,no,yes,yes,yes,0,14,15,15
58,yes,no,2,2,1,1,M,15,yes,no,5,1,2,0,no,yes,no,yes,4,14,15,15
59,yes,no,3,2,1,1,M,15,yes,yes,5,1,2,0,yes,yes,no,yes,2,9,10,9
60,no,no,2,3,1,1,F,16,yes,yes,5,1,2,0,no,yes,no,yes,2,15,16,16
61,yes,no,4,4,2,3,F,16,yes,no,4,1,2,0,no,yes,no,yes,6,10,11,11
62,yes,yes,5,5,5,5,F,16,no,yes,5,4,1,0,yes,yes,no,yes,6,10,8,11
63,yes,no,4,3,1,1,F,16,yes,yes,1,1,2,0,yes,no,no,yes,4,8,10,9
64,yes,no,4,4,2,4,F,16,yes,yes,4,1,3,0,yes,yes,yes,yes,2,10,9,9
65,yes,yes,4,4,2,4,F,15,yes,yes,2,1,2,0,yes,no,no,yes,0,10,10,10
66,yes,no,4,3,1,2,F,16,yes,yes,1,3,2,0,no,yes,no,yes,2,16,15,15
67,yes,yes,3,3,5,5,M,15,no,yes,3,1,4,0,no,yes,no,yes,4,13,13,12
68,no,no,3,3,1,2,F,16,yes,yes,5,1,4,0,yes,yes,yes,yes,4,7,7,6
69,no,no,1,3,1,3,F,15,yes,yes,4,2,2,0,yes,yes,yes,yes,2,8,9,8
70,no,no,4,2,2,3,F,15,no,yes,3,2,4,0,no,yes,no,yes,12,16,16,16
71,no,no,3,2,1,1,M,16,yes,yes,5,2,4,0,no,yes,yes,yes,0,13,15,15
72,no,no,3,3,1,1,M,15,yes,yes,3,1,4,0,no,no,no,yes,0,10,10,10
73,no,yes,3,4,2,4,F,15,no,yes,5,1,2,2,yes,yes,no,yes,2,8,6,5
74,yes,no,3,2,2,2,M,16,yes,no,5,1,1,0,no,no,no,yes,2,12,12,14
75,yes,no,3,3,2,4,F,16,yes,yes,5,1,2,0,yes,yes,yes,yes,54,11,12,11
76,yes,no,3,3,2,3,M,15,yes,yes,5,1,2,0,no,yes,yes,yes,6,9,9,10
77,yes,no,4,3,1,1,M,15,yes,yes,1,2,4,0,no,no,no,yes,8,11,11,10
78,no,yes,2,3,1,3,F,16,yes,yes,3,1,4,0,no,no,yes,yes,0,11,11,11
79,yes,no,5,1,1,1,M,17,yes,yes,3,2,1,3,yes,yes,no,no,2,8,8,10
80,no,no,4,3,1,2,F,16,yes,yes,3,1,2,0,no,yes,no,yes,12,5,5,5
81,yes,yes,2,2,1,3,M,15,no,yes,3,1,1,0,yes,yes,yes,yes,2,10,12,12
82,no,no,3,2,1,2,M,15,no,yes,5,1,3,0,yes,no,yes,yes,4,11,10,11
83,no,no,4,4,1,1,F,15,yes,yes,5,1,2,0,no,yes,yes,yes,10,7,6,6
84,yes,no,3,3,1,3,M,15,yes,yes,4,2,2,0,no,no,yes,yes,4,15,15,15
85,yes,no,3,2,2,3,F,15,no,yes,4,1,2,0,no,yes,no,yes,2,9,10,10
86,no,yes,4,4,2,3,F,15,yes,yes,5,2,2,2,no,no,yes,yes,6,7,9,8
87,no,no,3,4,1,2,F,16,yes,no,2,1,2,0,no,yes,no,yes,4,8,7,6
88,yes,no,3,3,1,3,F,15,yes,yes,1,1,3,0,no,yes,no,yes,4,13,14,14
89,yes,no,4,2,1,1,M,16,no,yes,3,2,2,1,no,no,yes,yes,12,11,10,10
90,no,no,1,3,3,5,M,16,yes,no,5,1,2,0,no,yes,no,yes,18,8,6,7
91,no,yes,3,3,1,3,F,16,yes,yes,4,1,3,0,no,yes,yes,yes,0,7,7,8
92,yes,no,5,5,1,3,F,15,yes,yes,1,1,1,0,no,no,yes,yes,4,16,17,18
93,no,no,3,3,2,3,F,16,yes,no,2,1,2,0,yes,yes,no,yes,4,7,6,6
94,yes,no,3,3,1,1,F,16,yes,yes,1,2,2,0,no,yes,yes,yes,0,11,10,10
95,yes,no,3,4,1,1,M,15,yes,yes,4,1,4,0,no,yes,no,yes,6,11,13,14
96,yes,no,1,2,1,1,F,15,yes,yes,1,2,4,1,yes,yes,yes,yes,2,7,10,10
97,yes,no,3,3,1,1,M,16,no,yes,4,2,1,0,yes,yes,no,yes,2,11,15,15
98,no,yes,3,5,1,1,F,16,yes,no,5,1,2,0,no,yes,yes,yes,2,8,9,10
99,yes,no,3,4,1,2,F,16,no,yes,1,1,1,0,no,no,no,yes,6,11,14,14
100,no,no,3,5,1,1,F,16,yes,yes,3,1,3,0,yes,yes,yes,yes,0,7,9,8
101,yes,no,5,5,5,5,M,16,yes,yes,4,1,1,0,yes,yes,yes,yes,14,7,7,5
102,yes,yes,4,3,1,1,M,16,yes,yes,4,1,3,0,no,yes,no,yes,0,16,17,17
103,yes,no,3,3,1,1,M,15,no,yes,5,1,1,0,no,yes,no,yes,4,10,13,14
104,no,no,3,5,1,1,F,15,yes,yes,2,2,2,0,yes,yes,yes,yes,26,7,6,6
105,yes,no,4,4,1,1,M,15,yes,yes,1,1,2,0,no,yes,yes,yes,0,16,18,18
106,no,no,3,3,1,1,F,15,yes,no,4,1,4,0,yes,no,no,yes,10,10,11,11
107,no,no,1,2,1,1,F,15,yes,yes,3,1,4,0,yes,yes,yes,yes,8,7,8,8
108,yes,no,3,3,1,1,M,16,yes,yes,5,1,3,0,no,yes,no,yes,2,16,18,18
109,yes,yes,3,5,3,5,M,15,yes,yes,1,4,4,0,no,yes,yes,yes,6,10,13,13
110,yes,yes,4,5,1,1,F,16,yes,yes,4,1,3,0,no,yes,yes,yes,4,14,15,16
111,yes,no,5,3,1,1,M,15,yes,yes,4,1,1,0,no,no,no,yes,6,18,19,19
112,yes,no,1,2,1,1,F,16,yes,yes,2,1,3,1,yes,yes,no,yes,0,7,10,10
113,yes,no,1,2,1,1,F,16,yes,yes,5,1,2,1,yes,no,no,yes,6,10,13,13
114,no,no,5,2,1,1,M,15,yes,yes,3,1,1,0,no,no,no,yes,10,18,19,19
115,yes,yes,4,2,1,1,M,15,yes,yes,5,1,2,0,no,no,no,yes,8,9,9,9
116,yes,no,4,4,1,2,M,16,yes,yes,5,1,2,0,no,yes,no,yes,2,15,15,16
117,yes,no,4,3,1,1,M,15,yes,no,2,2,2,0,no,yes,no,yes,2,11,13,14
118,yes,no,4,2,1,1,M,16,yes,yes,5,2,1,0,no,no,no,yes,0,13,14,13
119,yes,no,2,4,1,4,M,17,yes,yes,5,3,2,1,no,yes,no,yes,20,9,7,8
120,no,no,4,3,1,2,M,15,yes,yes,4,1,1,0,no,no,no,yes,6,14,13,13
121,no,no,2,3,1,2,F,15,no,yes,1,1,2,0,no,no,no,yes,2,16,15,15
122,yes,no,5,4,1,2,M,15,yes,yes,5,1,4,0,no,yes,yes,yes,6,16,14,15
123,yes,yes,2,2,1,2,F,16,yes,yes,5,2,2,0,no,yes,yes,yes,2,13,13,13
124,yes,no,4,4,1,4,M,16,yes,yes,5,1,1,0,no,yes,no,yes,18,14,11,13
125,no,yes,4,4,1,1,F,16,yes,yes,5,1,2,0,no,no,yes,yes,0,8,7,8
126,no,no,5,5,3,2,M,15,yes,yes,5,1,1,0,yes,no,no,yes,0,13,13,12
127,yes,yes,3,2,1,1,F,15,yes,yes,1,1,2,0,yes,no,no,yes,0,7,10,11
128,no,no,4,2,1,1,F,19,no,no,5,1,2,3,no,yes,no,no,2,7,8,9
129,yes,no,3,3,1,2,M,18,yes,yes,4,1,1,2,no,yes,no,yes,0,7,4,0
130,yes,no,5,5,2,5,M,16,yes,yes,4,1,1,0,no,no,yes,yes,8,18,18,18
131,no,yes,2,2,2,2,F,15,yes,yes,5,2,3,2,no,yes,no,yes,0,12,0,0
132,yes,yes,3,3,1,2,F,15,no,yes,4,3,1,0,no,yes,no,yes,0,8,0,0
133,no,yes,4,4,1,3,F,17,yes,yes,5,1,1,0,no,yes,no,yes,12,10,13,12
134,no,no,2,1,1,4,F,16,yes,yes,5,1,1,0,no,no,no,yes,16,12,11,11
135,no,yes,3,3,1,1,M,15,yes,no,5,4,2,0,no,yes,no,yes,0,9,0,0
136,yes,yes,3,3,1,1,F,15,yes,yes,5,1,3,0,no,yes,no,yes,0,11,0,0
137,no,no,4,5,2,4,M,17,yes,no,5,3,2,0,no,no,no,yes,0,10,0,0
138,yes,yes,3,2,1,1,F,16,no,yes,5,2,1,2,no,yes,no,yes,0,4,0,0
139,no,yes,4,4,1,3,M,16,yes,no,5,1,2,1,no,no,no,yes,0,14,12,12
140,yes,no,3,2,1,1,F,15,yes,yes,5,2,1,0,no,no,no,yes,0,16,16,15
141,no,no,2,2,1,1,M,15,yes,yes,3,2,4,0,yes,yes,no,yes,0,7,9,0
142,yes,no,3,3,2,2,M,16,yes,yes,2,2,1,2,no,yes,no,yes,8,9,9,9
143,yes,no,2,2,1,1,F,15,yes,yes,5,1,3,0,no,yes,yes,yes,2,9,11,11
144,no,no,4,4,3,3,F,16,yes,yes,1,1,1,0,no,no,no,yes,2,14,14,13
145,no,no,4,5,1,2,M,17,yes,yes,5,1,1,3,no,yes,no,yes,0,5,0,0
146,no,no,4,2,1,2,F,15,yes,yes,5,1,2,0,no,yes,yes,yes,0,8,11,11
147,no,no,3,2,1,1,F,15,yes,yes,3,1,2,3,no,yes,no,yes,0,6,7,0
148,no,no,3,2,1,1,F,15,no,yes,5,1,2,0,no,yes,yes,yes,2,10,11,11
149,no,yes,3,2,2,1,M,16,yes,yes,5,1,1,0,no,yes,no,no,0,7,6,0
150,no,no,5,5,2,5,M,15,yes,yes,5,4,1,3,no,no,no,yes,0,8,9,10
151,no,yes,3,5,2,5,M,18,yes,yes,4,1,1,3,no,no,no,no,0,6,5,0
152,yes,yes,4,4,3,5,M,16,yes,no,5,1,1,1,no,no,no,yes,6,12,13,14
153,yes,yes,2,1,2,3,F,15,yes,yes,3,2,3,2,no,yes,yes,yes,8,10,10,10
154,no,yes,5,4,1,1,M,19,yes,yes,4,1,1,3,no,yes,no,no,0,5,0,0
155,no,yes,2,1,1,1,F,17,yes,no,4,1,1,0,yes,yes,no,yes,0,11,11,12
156,yes,no,4,4,1,1,M,15,yes,no,1,1,2,0,yes,no,yes,yes,2,11,8,8
157,no,no,2,2,3,3,M,17,yes,no,5,1,1,0,no,no,no,yes,8,16,12,13
158,yes,no,2,5,1,5,F,18,no,no,4,3,1,3,no,yes,no,yes,6,9,8,10
159,no,no,2,2,1,2,M,16,no,no,3,3,1,0,no,no,no,yes,2,17,15,15
160,no,yes,5,5,4,4,M,16,yes,yes,5,1,2,1,no,yes,yes,yes,4,10,12,12
161,yes,yes,3,2,2,2,M,17,yes,yes,5,2,1,2,no,no,no,no,0,7,6,0
162,no,yes,4,4,1,4,M,15,yes,yes,3,2,2,2,yes,yes,no,yes,6,5,9,7
163,yes,no,4,4,2,4,M,16,yes,no,5,2,1,1,no,no,no,yes,0,7,0,0
164,no,no,3,3,1,4,M,17,yes,yes,2,1,1,0,no,no,no,no,2,10,10,10
165,yes,yes,3,5,1,5,M,17,yes,no,5,4,2,3,no,no,no,no,0,5,8,7
166,yes,no,5,2,1,1,M,16,no,no,2,2,1,1,no,yes,no,no,16,12,11,12
167,no,no,3,5,2,4,M,16,yes,yes,4,1,2,0,no,no,no,no,4,10,10,10
168,no,yes,2,3,1,1,F,16,yes,yes,3,1,2,0,no,no,yes,yes,0,14,15,16
169,no,no,1,5,1,1,F,16,no,yes,4,1,2,0,no,yes,yes,yes,0,6,7,0
170,no,yes,4,2,1,1,F,16,yes,yes,3,1,2,0,no,yes,yes,yes,0,14,14,14
171,yes,no,4,5,2,4,M,16,no,yes,2,3,1,2,no,yes,no,yes,0,6,5,0
172,yes,yes,3,2,1,1,M,16,yes,yes,3,2,2,0,no,yes,yes,yes,2,13,15,16
173,yes,no,4,4,1,3,M,17,yes,yes,5,1,2,0,no,yes,yes,yes,0,13,11,10
174,yes,yes,3,5,1,1,F,16,no,yes,3,1,2,3,no,no,no,yes,0,8,7,0
175,yes,no,4,5,1,1,F,16,yes,yes,4,2,2,0,no,yes,yes,yes,4,10,11,9
176,yes,no,4,4,4,4,M,17,yes,yes,4,2,2,0,no,no,yes,yes,4,10,9,9
177,yes,no,4,4,1,4,F,16,no,yes,5,2,2,0,no,no,yes,yes,2,13,13,11
178,yes,no,3,4,1,4,M,17,no,yes,4,1,2,0,no,no,no,yes,4,6,5,6
179,yes,yes,3,3,3,4,M,16,yes,yes,3,1,1,0,no,yes,no,yes,10,10,8,9
180,yes,yes,2,3,1,1,M,17,yes,yes,2,1,2,0,no,yes,no,yes,4,10,10,11
181,yes,no,4,3,2,3,M,16,yes,yes,3,1,2,0,no,yes,yes,yes,10,9,8,8
182,yes,yes,2,3,1,2,M,16,yes,yes,3,1,2,0,no,no,yes,yes,2,12,13,12
183,yes,no,4,2,2,3,F,17,yes,no,5,1,2,0,no,yes,no,yes,0,16,17,17
184,yes,yes,3,3,2,3,F,17,yes,yes,1,1,2,0,no,yes,no,yes,56,9,9,8
185,no,no,2,2,1,2,F,16,yes,yes,1,1,2,0,no,yes,yes,yes,14,12,13,12
186,yes,yes,3,4,2,3,M,17,yes,yes,4,1,2,0,no,yes,no,yes,12,12,12,11
187,yes,yes,3,3,1,2,M,16,yes,yes,3,1,1,0,no,yes,yes,yes,2,11,12,11
188,yes,yes,2,3,1,2,M,16,yes,yes,5,1,2,0,no,no,yes,yes,0,15,15,15
189,no,yes,3,3,1,3,F,17,no,yes,3,1,2,0,no,yes,no,yes,6,8,7,9
190,no,no,1,3,1,5,M,17,yes,no,3,1,2,0,no,no,no,yes,4,8,9,10
191,no,no,3,3,1,1,F,16,yes,yes,2,1,2,0,no,no,no,yes,10,11,12,13
192,yes,no,3,3,1,1,F,17,yes,yes,3,1,2,0,no,no,no,yes,0,8,8,9
193,yes,no,4,4,4,5,M,17,no,yes,5,2,2,0,no,no,yes,yes,12,7,8,8
194,yes,no,3,2,3,4,M,16,yes,yes,5,1,1,0,no,yes,no,yes,8,8,9,10
195,no,no,3,3,1,1,M,16,yes,yes,3,2,1,0,no,no,no,yes,0,13,14,14
196,yes,yes,3,2,1,1,F,17,yes,yes,5,1,2,0,no,no,no,yes,0,14,15,15
197,no,no,2,3,1,2,M,17,yes,yes,5,1,1,0,no,no,no,yes,4,17,15,16
198,yes,no,3,4,3,5,M,16,yes,yes,3,3,1,0,no,yes,yes,yes,8,9,9,10
199,no,no,2,4,2,3,F,17,yes,yes,2,2,1,1,no,yes,no,yes,24,18,18,18
200,no,no,5,2,1,2,F,16,yes,yes,3,1,2,0,no,yes,yes,yes,0,9,9,10
201,yes,no,3,5,1,5,F,16,yes,yes,2,1,2,0,no,yes,no,yes,2,16,16,16
202,yes,no,4,3,1,3,F,16,yes,no,4,1,2,0,yes,yes,yes,yes,6,8,10,10
203,no,no,4,4,1,3,F,17,no,no,1,1,2,0,no,yes,yes,yes,4,9,9,10
204,no,no,3,2,1,2,F,17,yes,yes,3,1,1,0,no,yes,no,yes,18,7,6,6
205,yes,no,3,5,1,1,F,16,no,yes,5,2,4,0,no,yes,yes,yes,6,10,10,11
206,no,yes,4,3,3,4,F,17,yes,yes,5,1,3,1,no,yes,yes,yes,28,10,9,9
207,no,no,3,3,2,2,F,16,yes,yes,4,1,2,3,no,yes,yes,yes,5,7,7,7
208,yes,yes,3,2,1,1,F,16,yes,yes,1,1,2,0,no,no,yes,yes,10,11,12,13
209,no,no,3,2,1,4,F,16,yes,no,5,2,1,0,no,yes,yes,yes,6,9,9,10
210,yes,yes,4,2,1,1,F,17,yes,yes,4,2,3,0,no,yes,yes,yes,6,7,7,7
211,yes,no,3,3,1,2,F,19,yes,yes,3,1,4,0,no,yes,yes,yes,10,8,8,8
212,no,yes,3,5,4,5,M,17,yes,yes,3,1,2,0,no,yes,yes,yes,13,12,12,13
213,no,no,3,4,1,1,F,16,yes,yes,4,1,2,0,yes,yes,yes,yes,0,12,13,14
214,yes,no,4,4,2,4,M,18,yes,yes,5,1,2,1,no,yes,yes,yes,15,6,7,8
215,no,no,2,1,1,2,F,17,yes,no,3,1,1,0,no,yes,yes,yes,12,8,10,10
216,no,no,4,4,1,3,F,17,yes,yes,1,2,2,0,no,no,yes,yes,2,14,15,15
217,no,yes,4,5,2,4,F,17,yes,yes,1,1,2,2,no,no,yes,yes,22,6,6,4
218,no,no,2,4,2,4,M,18,yes,yes,4,1,2,1,no,yes,yes,yes,13,6,6,8
219,no,no,3,3,1,4,F,17,yes,no,3,2,1,0,no,yes,yes,yes,3,7,7,8
220,yes,no,3,3,1,1,F,17,yes,yes,4,1,3,0,no,yes,yes,yes,4,9,10,10
221,yes,no,2,5,1,2,F,17,yes,yes,5,2,2,0,no,yes,no,yes,2,6,6,6
222,yes,yes,3,4,1,1,F,17,yes,no,5,1,3,1,no,yes,no,yes,0,6,5,0
223,no,no,3,1,1,1,F,16,yes,yes,3,1,2,0,yes,no,no,yes,2,16,16,17
224,no,no,3,3,5,5,M,18,yes,yes,4,2,2,0,no,yes,yes,yes,0,12,13,13
225,yes,no,3,2,1,1,F,16,no,yes,5,1,3,0,no,yes,no,yes,0,13,13,14
226,yes,yes,3,3,1,1,F,18,yes,yes,4,1,2,1,no,no,no,yes,16,9,8,7
227,yes,no,3,4,1,3,F,17,no,yes,3,1,2,0,no,no,no,yes,10,16,15,15
228,no,no,3,3,1,3,M,17,no,yes,3,1,2,0,no,yes,yes,yes,2,12,11,12
229,yes,yes,3,2,4,5,M,18,yes,yes,3,4,2,0,yes,yes,yes,yes,14,10,8,9
230,yes,yes,2,3,1,2,F,17,yes,yes,3,2,3,0,no,no,no,yes,10,12,10,12
231,yes,yes,2,3,1,2,F,17,yes,yes,3,1,2,0,no,no,no,yes,14,13,13,14
232,yes,no,5,2,1,1,M,17,yes,yes,1,2,2,0,no,yes,yes,yes,4,11,11,11
233,yes,yes,5,5,1,3,M,17,yes,yes,2,1,2,0,yes,yes,no,yes,14,11,9,9
234,yes,no,2,4,2,4,M,16,yes,yes,1,1,2,0,no,yes,yes,yes,2,14,13,13
235,no,no,4,2,1,1,M,16,yes,yes,5,2,2,0,no,yes,yes,yes,18,9,7,6
236,yes,yes,3,3,1,3,M,16,yes,yes,2,2,3,0,no,no,no,yes,10,11,9,10
237,yes,yes,4,2,5,5,M,17,no,yes,4,1,2,0,no,no,yes,yes,4,14,13,13
238,no,yes,5,2,1,1,F,16,yes,yes,5,1,1,0,no,no,no,yes,20,13,12,12
239,yes,no,1,1,1,1,F,17,yes,no,3,3,2,0,no,no,no,yes,2,13,11,11
240,no,no,5,4,3,5,M,18,yes,yes,2,1,2,1,no,no,no,no,0,7,7,0
241,yes,yes,5,5,1,4,M,17,yes,yes,5,2,2,0,no,no,no,yes,14,12,12,12
242,no,no,3,3,2,3,M,17,yes,yes,4,2,2,0,no,yes,yes,yes,2,10,11,12
243,yes,no,4,5,1,1,M,16,no,yes,3,1,1,0,no,no,no,yes,0,6,0,0
244,yes,no,3,2,1,2,M,16,yes,yes,5,1,1,0,no,no,no,yes,0,13,12,12
245,no,yes,4,4,1,1,F,18,no,yes,3,2,3,0,no,yes,yes,yes,0,7,0,0
246,no,no,3,3,1,1,M,16,yes,yes,4,3,1,0,no,no,no,yes,6,18,18,18
247,no,no,2,2,1,1,M,17,yes,yes,2,2,1,0,no,no,no,yes,4,12,12,13
248,no,yes,4,5,5,5,M,22,no,yes,1,1,1,3,no,no,no,no,16,6,8,8
249,no,yes,3,3,1,3,M,18,yes,yes,5,1,2,1,no,yes,no,yes,8,3,5,5
250,no,no,3,2,2,4,M,16,no,yes,5,1,1,0,no,no,yes,yes,0,13,15,15
251,no,no,4,5,2,4,M,18,yes,yes,5,2,1,1,no,no,no,no,0,6,8,8
252,no,no,3,3,1,3,M,16,no,yes,2,3,2,0,yes,yes,no,yes,6,7,10,10
253,no,no,2,5,2,5,M,18,no,yes,5,1,1,1,no,no,no,no,4,6,9,8
254,yes,no,3,2,1,3,M,16,no,no,3,2,1,0,no,no,no,yes,0,8,9,8
255,no,no,4,2,2,4,M,17,no,yes,5,1,1,0,no,no,no,yes,0,8,12,12
256,yes,no,4,4,1,2,M,17,yes,yes,5,2,1,1,no,yes,no,yes,2,7,9,8
257,yes,no,2,3,1,1,F,17,yes,yes,4,1,4,0,no,yes,yes,yes,6,14,12,13
258,no,no,3,1,1,1,M,19,yes,yes,1,1,2,0,no,yes,no,yes,12,11,11,11
259,yes,no,2,4,1,2,M,18,yes,yes,4,1,2,0,no,no,no,yes,8,15,14,14
260,yes,yes,4,1,1,1,F,17,yes,yes,2,1,4,0,no,no,yes,yes,0,10,9,0
261,no,yes,1,2,1,3,F,18,yes,yes,2,1,2,0,no,yes,yes,yes,21,17,18,18
262,no,no,3,2,1,1,M,18,no,yes,3,1,2,0,no,yes,yes,yes,2,8,8,8
263,yes,no,3,2,1,1,M,18,no,no,3,1,3,0,no,no,no,yes,1,13,12,12
264,yes,no,2,3,1,1,F,17,no,no,4,1,3,0,no,no,no,yes,4,10,9,9
265,yes,yes,3,3,1,1,F,18,yes,yes,3,1,3,0,no,yes,yes,yes,0,9,10,0
266,yes,no,2,5,3,4,M,18,yes,yes,1,2,2,0,no,yes,yes,yes,13,17,17,17
267,yes,yes,4,4,3,4,M,17,yes,yes,5,1,2,0,no,no,yes,yes,2,9,9,10
268,yes,no,3,4,2,2,F,18,yes,yes,4,2,2,0,no,no,yes,yes,8,12,10,11
269,yes,yes,4,5,1,3,M,18,yes,yes,5,1,2,0,no,yes,yes,yes,10,10,9,10
270,no,yes,3,5,1,2,F,18,yes,yes,3,2,2,0,no,yes,no,no,0,6,0,0
271,yes,no,3,5,3,3,F,19,yes,yes,5,1,2,2,no,yes,yes,yes,15,9,9,9
272,yes,yes,5,5,1,3,F,18,yes,yes,2,1,4,0,no,yes,yes,yes,4,15,14,14
273,no,no,4,3,1,1,F,18,no,no,3,2,2,0,no,yes,yes,yes,2,11,11,11
274,yes,yes,5,2,2,2,M,17,no,no,1,1,2,0,no,yes,yes,yes,2,15,14,14
275,no,yes,3,3,1,1,F,17,yes,yes,1,2,2,0,no,yes,yes,yes,2,10,10,10
276,no,yes,4,4,2,3,F,17,yes,yes,5,2,2,0,yes,yes,yes,yes,6,12,12,12
277,no,yes,1,1,1,1,F,18,no,yes,5,2,2,0,no,no,no,no,75,10,9,9
278,yes,no,2,4,1,4,M,18,yes,yes,3,2,1,0,no,no,yes,yes,22,9,9,9
279,yes,yes,4,4,1,1,F,18,yes,yes,4,1,2,1,yes,yes,no,yes,15,9,8,8
280,yes,no,2,3,1,2,M,18,yes,yes,1,2,1,0,no,no,yes,yes,8,10,11,10
281,yes,yes,5,4,2,4,M,17,yes,yes,5,2,1,0,no,no,yes,yes,30,8,8,8
282,no,no,4,4,3,4,M,17,yes,yes,3,1,1,1,no,no,no,yes,19,11,9,10
283,yes,no,2,2,1,1,F,18,yes,no,3,2,4,0,no,yes,yes,yes,1,12,12,12
284,yes,no,4,4,1,1,F,18,yes,yes,4,2,2,0,yes,no,no,yes,4,8,9,10
285,no,no,4,5,1,2,F,17,no,yes,5,1,2,0,no,yes,no,yes,4,10,9,11
286,no,no,3,3,1,2,M,17,no,yes,4,1,2,0,no,no,yes,yes,2,12,10,11
287,no,no,3,3,1,2,F,18,yes,yes,2,1,3,0,no,yes,yes,yes,5,18,18,19
288,no,no,3,3,1,1,F,17,yes,yes,3,1,3,0,no,yes,yes,yes,6,13,12,12
289,yes,no,2,4,1,3,M,18,yes,yes,2,1,3,0,no,no,yes,yes,6,15,14,14
290,yes,no,4,3,1,1,M,18,yes,yes,2,1,2,0,no,yes,yes,yes,9,15,13,15
291,yes,yes,3,2,1,4,M,18,yes,yes,5,1,2,0,no,yes,yes,yes,11,12,11,11
292,no,no,2,2,1,2,F,17,yes,yes,3,1,3,0,no,yes,yes,yes,0,15,15,15
293,no,yes,4,3,1,1,F,18,yes,yes,5,1,2,1,no,no,no,yes,12,12,12,13
294,no,no,1,2,1,1,F,17,yes,no,3,2,4,0,no,yes,yes,yes,6,18,18,18
295,yes,no,4,2,1,1,M,18,yes,yes,4,2,3,0,no,yes,yes,yes,8,14,13,14
296,no,no,4,3,1,3,M,17,yes,yes,5,1,1,0,no,yes,yes,yes,4,14,12,11
297,yes,no,3,4,2,3,F,19,yes,yes,2,2,2,0,no,yes,yes,yes,0,10,9,0
298,no,yes,4,5,1,2,F,18,yes,yes,2,2,2,0,no,yes,yes,yes,10,10,8,8
299,no,no,3,3,1,1,F,18,yes,yes,3,1,4,0,no,yes,yes,yes,0,14,13,14
300,no,yes,4,2,2,2,M,18,yes,yes,1,1,1,0,no,yes,yes,yes,5,16,15,16
301,no,yes,2,4,1,1,F,18,yes,yes,4,1,2,0,no,yes,no,yes,14,12,10,11
302,no,no,1,1,2,2,M,17,yes,yes,5,2,1,0,no,no,yes,yes,0,11,11,10
303,no,no,3,3,1,1,F,17,yes,yes,3,2,3,0,no,yes,yes,yes,0,15,12,14
304,yes,no,2,2,1,2,F,17,no,yes,5,1,4,0,no,yes,yes,yes,0,17,17,18
305,yes,yes,4,4,1,1,M,19,yes,yes,3,1,2,1,no,yes,no,yes,20,15,14,13
306,yes,no,4,3,1,1,F,18,yes,yes,3,1,2,1,no,yes,yes,yes,8,14,12,12
307,yes,no,5,3,1,1,M,20,yes,no,5,1,1,0,no,no,no,yes,0,17,18,18
308,no,yes,3,4,1,1,M,19,yes,yes,4,2,1,1,no,yes,yes,yes,38,8,9,8
309,yes,yes,5,3,1,2,M,19,yes,no,5,1,2,1,no,no,no,yes,0,15,12,12
310,yes,no,4,3,1,3,F,19,no,yes,3,1,2,1,yes,yes,no,yes,18,12,10,10
311,yes,yes,2,4,2,2,F,19,no,no,3,1,2,1,no,no,no,yes,0,9,9,0
312,no,yes,4,1,1,1,F,19,yes,yes,2,3,2,0,no,yes,no,no,20,14,12,13
313,no,no,5,2,2,2,M,19,no,yes,4,1,2,1,no,no,no,yes,3,13,11,11
314,no,yes,2,2,1,2,F,19,no,yes,1,2,2,1,no,yes,yes,yes,22,13,10,11
315,no,yes,1,2,1,1,F,19,no,yes,3,1,3,2,no,no,no,yes,14,15,13,13
316,no,yes,1,2,1,1,F,19,yes,yes,3,1,3,1,no,no,no,yes,40,13,11,11
317,yes,no,3,3,1,2,F,18,yes,yes,1,2,2,0,no,yes,yes,yes,0,8,8,0
318,yes,yes,3,4,1,1,F,18,yes,yes,5,1,3,0,no,yes,yes,yes,9,9,10,9
319,yes,no,3,4,2,5,F,17,no,yes,5,1,3,0,no,yes,yes,yes,0,11,11,10
320,no,no,4,4,3,3,F,18,yes,yes,5,1,2,0,no,yes,yes,yes,2,11,11,11
321,no,yes,2,2,1,2,F,17,yes,yes,5,1,2,0,no,yes,yes,yes,23,13,13,13
322,no,yes,2,2,1,1,F,17,yes,no,3,1,2,0,no,yes,no,yes,12,11,9,9
323,yes,no,3,2,2,2,F,17,yes,yes,3,1,3,0,no,yes,yes,yes,3,11,11,11
324,no,no,4,3,2,3,F,17,no,yes,5,1,3,0,no,yes,no,yes,1,12,14,15
325,no,no,3,3,2,3,F,17,yes,yes,2,2,3,0,no,no,no,yes,0,16,15,15
326,yes,no,3,3,2,2,M,18,yes,yes,3,1,3,0,no,no,no,yes,3,9,12,11
327,yes,no,3,5,3,5,M,17,no,yes,5,1,1,0,no,no,no,yes,3,14,15,16
328,no,no,4,5,5,5,M,17,yes,yes,4,4,1,0,no,yes,no,yes,8,11,10,10
329,yes,no,4,4,1,3,F,17,yes,yes,4,1,3,0,no,yes,yes,yes,7,10,9,9
330,no,yes,3,3,1,2,F,17,no,yes,4,2,3,0,no,yes,yes,yes,4,14,14,14
331,yes,no,5,5,2,4,M,18,yes,yes,5,1,4,0,no,yes,no,yes,2,9,8,8
332,no,yes,4,3,1,1,F,17,yes,yes,5,1,3,0,no,yes,no,yes,7,12,14,14
333,yes,no,3,4,1,1,F,18,yes,yes,4,1,2,0,no,no,no,yes,0,7,0,0
334,yes,yes,3,3,1,1,F,18,no,yes,2,1,2,0,no,no,no,yes,0,8,8,0
335,yes,no,4,4,1,1,F,18,yes,no,4,2,4,0,no,no,no,yes,0,10,9,0
336,no,no,4,5,1,3,F,17,yes,yes,5,1,3,0,no,no,no,yes,16,16,15,15
337,no,no,4,3,1,2,F,19,yes,no,5,1,3,1,no,no,yes,yes,12,14,13,13
338,no,yes,3,2,2,3,F,17,yes,yes,2,1,2,0,no,yes,yes,yes,0,7,8,0
339,no,no,3,3,1,1,F,18,yes,yes,1,1,4,0,no,yes,no,yes,7,16,15,17
340,no,no,3,3,2,3,F,17,yes,yes,2,1,2,0,no,yes,yes,yes,4,9,10,10
341,yes,yes,3,4,1,3,F,19,yes,yes,3,1,3,1,no,no,yes,yes,4,11,12,11
342,yes,no,3,3,2,2,M,18,yes,yes,2,1,2,1,no,yes,no,yes,0,10,10,0
343,yes,yes,3,3,1,3,M,18,yes,yes,5,1,2,0,no,no,no,yes,11,16,15,15
344,no,yes,3,1,1,2,F,17,yes,yes,4,1,2,1,no,yes,no,yes,0,9,8,0
345,no,no,3,3,1,2,F,18,yes,yes,3,1,3,0,no,yes,no,yes,4,11,10,10
346,no,yes,4,3,2,3,F,18,yes,yes,1,1,3,0,no,no,no,yes,7,13,13,14
347,no,yes,3,2,1,2,M,18,yes,yes,4,1,3,0,no,no,no,yes,9,16,15,16
348,no,yes,4,5,2,3,M,18,yes,yes,5,1,3,0,no,yes,yes,yes,0,10,10,9
349,yes,yes,4,3,1,3,F,17,yes,yes,4,1,3,0,no,yes,yes,yes,0,13,15,15
350,no,no,5,5,5,5,M,18,no,yes,5,2,1,1,no,yes,no,yes,10,11,13,13
351,no,no,4,4,3,3,M,19,yes,yes,2,3,2,3,no,no,no,yes,8,8,7,8
352,no,no,5,4,2,3,M,17,yes,yes,3,2,2,0,no,yes,yes,yes,2,13,13,13
353,no,yes,3,3,2,3,M,18,yes,yes,3,1,1,1,no,no,no,no,7,8,7,8
354,no,no,4,4,3,3,M,19,yes,yes,5,3,1,1,no,yes,no,yes,4,8,8,8
355,yes,yes,5,5,1,3,M,17,no,yes,2,2,2,0,no,yes,yes,yes,4,13,11,11
356,no,yes,3,4,1,1,F,18,yes,no,5,1,2,0,no,yes,no,yes,0,10,9,9
357,yes,no,3,3,1,2,F,17,yes,yes,5,2,2,0,no,yes,yes,yes,4,12,13,13
358,no,yes,2,3,1,2,F,17,yes,no,5,2,2,0,no,no,no,yes,2,12,12,11
359,no,yes,3,2,1,2,M,18,no,yes,3,2,1,0,no,no,no,yes,4,10,10,10
360,no,no,3,2,1,1,F,18,yes,yes,4,2,3,0,no,no,no,yes,0,18,16,16
361,no,yes,3,4,1,4,F,18,yes,no,5,3,2,0,no,no,no,yes,0,13,13,13
362,yes,no,4,3,2,3,M,18,no,no,5,2,2,1,no,no,no,no,2,13,12,12
363,no,yes,3,2,1,3,F,18,yes,yes,3,2,2,0,no,yes,no,yes,0,11,11,10
364,yes,yes,3,4,1,1,F,17,yes,yes,1,1,2,0,no,yes,yes,yes,0,16,15,15
365,no,no,2,2,1,2,F,17,no,no,3,2,2,0,no,no,no,yes,0,12,11,12
366,no,no,3,4,2,4,M,18,yes,no,3,2,2,0,no,yes,yes,yes,4,10,10,10
367,no,yes,2,2,2,2,M,18,yes,yes,5,2,3,0,no,no,yes,yes,0,13,13,13
368,no,yes,2,1,1,2,F,17,yes,yes,1,3,1,1,no,yes,yes,yes,0,7,6,0
369,no,yes,2,3,1,2,F,18,yes,yes,4,2,1,0,no,yes,yes,yes,0,11,10,10
370,no,yes,2,2,4,2,F,18,no,yes,5,3,2,0,no,yes,yes,yes,10,14,12,11
371,yes,yes,2,2,1,1,F,19,yes,no,3,2,2,2,no,no,no,yes,4,7,7,9
372,yes,yes,3,3,2,3,M,18,yes,yes,3,3,1,0,no,yes,yes,no,3,14,12,12
373,yes,yes,4,3,1,1,F,17,yes,no,3,1,3,0,no,no,no,yes,8,13,11,11
374,yes,no,5,5,1,3,F,17,yes,yes,1,1,1,0,no,no,no,yes,14,6,5,5
375,no,no,4,4,1,1,F,18,yes,yes,1,2,3,0,no,no,no,yes,0,19,18,19
376,no,no,3,2,1,2,F,18,yes,yes,4,4,3,0,no,no,no,yes,2,8,8,10
377,no,yes,4,3,1,1,F,20,no,yes,3,2,3,2,no,yes,yes,yes,4,15,14,15
378,yes,no,4,3,3,4,F,18,yes,yes,2,1,2,0,no,no,yes,yes,4,8,9,10
379,no,yes,1,3,1,2,F,18,yes,yes,1,1,2,0,no,no,yes,yes,0,15,15,15
380,yes,no,5,4,2,3,F,17,no,yes,1,1,2,0,no,yes,yes,yes,17,10,10,10
381,yes,no,2,4,1,4,M,18,no,yes,2,1,2,0,no,no,yes,yes,4,15,14,14
382,yes,yes,4,3,1,3,M,18,no,yes,5,2,1,0,no,no,no,yes,5,7,6,7
383,yes,no,4,3,1,1,M,17,yes,yes,3,2,2,0,no,no,no,yes,2,11,11,10
384,no,no,3,2,1,3,M,19,yes,no,5,2,1,1,no,no,no,yes,0,6,5,0
385,no,no,4,3,4,3,M,18,yes,no,3,2,1,1,no,no,yes,yes,14,6,5,5
386,no,no,3,3,1,3,F,18,yes,no,4,2,3,0,no,no,yes,yes,2,10,9,10
387,yes,yes,4,3,2,2,F,18,yes,yes,5,3,1,0,no,yes,yes,yes,7,6,5,6
388,yes,no,4,2,1,2,F,19,no,yes,5,1,3,1,no,no,no,yes,0,7,5,0
389,no,no,3,4,1,1,F,18,yes,yes,1,1,2,0,no,yes,yes,yes,0,7,9,8
390,yes,no,1,1,1,1,F,18,yes,no,5,2,2,1,no,no,no,yes,0,6,5,0
391,no,no,5,4,4,5,M,20,yes,no,4,1,2,2,no,yes,yes,yes,11,9,9,9
392,no,no,4,5,3,4,M,17,no,yes,2,2,1,0,no,no,no,yes,3,14,16,16
393,no,no,5,3,3,3,M,21,no,no,3,1,1,3,no,no,no,yes,3,10,8,7
394,no,no,4,1,3,4,M,18,no,yes,5,3,1,0,no,no,no,yes,0,11,12,10
395,no,no,2,3,3,3,M,19,yes,yes,5,1,1,0,no,no,no,yes,5,8,9,9
